Week,Revenue
2010-11-29,149386.33
2010-12-06,213447.72
2010-12-13,163770.73
2010-12-20,46109.11
2011-01-03,114865.27
2011-01-10,154714.94
2011-01-17,175757.98
2011-01-24,105288.77
2011-01-31,106095.23
2011-02-07,88015.42
2011-02-14,126050.4
2011-02-21,130687.36
2011-02-28,117600.82
2011-03-07,112338.0
2011-03-14,138278.82
2011-03-21,129918.43
2011-03-28,143977.03
2011-04-04,119961.92
2011-04-11,135142.2
2011-04-18,116090.02
2011-04-25,73474.56
2011-05-02,131329.18
2011-05-09,178850.25
2011-05-16,196269.92
2011-05-23,146976.9
2011-05-30,102371.9
2011-06-06,194019.08
2011-06-13,171940.3
2011-06-20,112818.82
2011-06-27,116479.92
2011-07-04,131383.74
2011-07-11,118297.88
2011-07-18,167519.81
2011-07-25,164667.9
2011-08-01,156185.19
2011-08-08,143652.21
2011-08-15,168080.69
2011-08-22,148051.26
2011-08-29,114046.78
2011-09-05,167004.06
2011-09-12,209167.98
2011-09-19,309569.21
2011-09-26,194007.85
2011-10-03,297116.86
2011-10-10,204423.28
2011-10-17,255461.64
2011-10-24,237685.49
2011-10-31,260628.77
2011-11-07,264765.98
2011-11-14,277773.94
2011-11-21,249532.68
2011-11-28,251788.22
